HourOfDay,IsEstrus,MeanMeasurement
0.0,False,37.536
0.0,True,37.3
0.016666666666666666,False,37.561
0.016666666666666666,True,37.3775
0.03333333333333333,False,37.57
0.03333333333333333,True,37.447500000000005
0.05,False,37.599000000000004
0.05,True,37.5375
0.06666666666666667,False,37.663
0.06666666666666667,True,37.667500000000004
0.08333333333333333,False,37.725
0.08333333333333333,True,37.725
0.1,False,37.782
0.1,True,37.8125
0.11666666666666667,False,37.828
0.11666666666666667,True,37.91
0.13333333333333333,False,37.866
0.13333333333333333,True,37.9325
0.15,False,37.914
0.15,True,37.9475
0.16666666666666666,False,37.956
0.16666666666666666,True,37.94
0.18333333333333332,False,37.975
0.18333333333333332,True,37.945
0.2,False,37.989999999999995
0.2,True,38.0025
0.21666666666666667,False,38.022
0.21666666666666667,True,38.0175
0.23333333333333334,False,38.045
0.23333333333333334,True,38.0225
0.25,False,38.039
0.25,True,38.0375
0.26666666666666666,False,38.043
0.26666666666666666,True,38.095
0.2833333333333333,False,38.08
0.2833333333333333,True,38.08
0.3,False,38.142
0.3,True,38.05
0.31666666666666665,False,38.195
0.31666666666666665,True,38.0725
0.3333333333333333,False,38.229
0.3333333333333333,True,38.0925
0.35,False,38.242000000000004
0.35,True,38.1025
0.36666666666666664,False,38.274
0.36666666666666664,True,38.15
0.38333333333333336,False,38.319
0.38333333333333336,True,38.28
0.4,False,38.339
0.4,True,38.355000000000004
0.4166666666666667,False,38.349000000000004
0.4166666666666667,True,38.417500000000004
0.43333333333333335,False,38.369
0.43333333333333335,True,38.49
0.45,False,38.423
0.45,True,38.5375
0.4666666666666667,False,38.462
0.4666666666666667,True,38.542500000000004
0.48333333333333334,False,38.489
0.48333333333333334,True,38.557500000000005
0.5,False,38.511
0.5,True,38.5325
0.5166666666666667,False,38.519
0.5166666666666667,True,38.535
0.5333333333333333,False,38.549
0.5333333333333333,True,38.525
0.55,False,38.567
0.55,True,38.52
0.5666666666666667,False,38.571000000000005
0.5666666666666667,True,38.5475
0.5833333333333334,False,38.623000000000005
0.5833333333333334,True,38.5375
0.6,False,38.671
0.6,True,38.4475
0.6166666666666667,False,38.708
0.6166666666666667,True,38.425
0.6333333333333333,False,38.7
0.6333333333333333,True,38.5
0.65,False,38.695
0.65,True,38.555
0.6666666666666666,False,38.694
0.6666666666666666,True,38.555
0.6833333333333333,False,38.672000000000004
0.6833333333333333,True,38.5625
0.7,False,38.664
0.7,True,38.575
0.7166666666666667,False,38.668
0.7166666666666667,True,38.5925
0.7333333333333333,False,38.674
0.7333333333333333,True,38.605000000000004
0.75,False,38.667
0.75,True,38.5625
0.7666666666666667,False,38.659
0.7666666666666667,True,38.545
0.7833333333333333,False,38.657
0.7833333333333333,True,38.5525
0.8,False,38.672000000000004
0.8,True,38.55
0.8166666666666667,False,38.67
0.8166666666666667,True,38.525
0.8333333333333334,False,38.672000000000004
0.8333333333333334,True,38.5175
0.85,False,38.667
0.85,True,38.5025
0.8666666666666667,False,38.655
0.8666666666666667,True,38.519999999999996
0.8833333333333333,False,38.660000000000004
0.8833333333333333,True,38.4825
0.9,False,38.636
0.9,True,38.4725
0.9166666666666666,False,38.614
0.9166666666666666,True,38.504999999999995
0.9333333333333333,False,38.61
0.9333333333333333,True,38.5225
0.95,False,38.614
0.95,True,38.51
0.9666666666666667,False,38.619
0.9666666666666667,True,38.480000000000004
0.9833333333333333,False,38.620999999999995
0.9833333333333333,True,38.4725
1.0,False,38.62
1.0,True,38.432500000000005
1.0166666666666666,False,38.642
1.0166666666666666,True,38.43
1.0333333333333334,False,38.672000000000004
1.0333333333333334,True,38.4675
1.05,False,38.666
1.05,True,38.5125
1.0666666666666667,False,38.634
1.0666666666666667,True,38.555
1.0833333333333333,False,38.624
1.0833333333333333,True,38.56
1.1,False,38.632
1.1,True,38.535
1.1166666666666667,False,38.623000000000005
1.1166666666666667,True,38.519999999999996
1.1333333333333333,False,38.589999999999996
1.1333333333333333,True,38.535
1.15,False,38.549
1.15,True,38.5275
1.1666666666666667,False,38.541000000000004
1.1666666666666667,True,38.5225
1.1833333333333333,False,38.53
1.1833333333333333,True,38.5325
1.2,False,38.54
1.2,True,38.525
1.2166666666666666,False,38.538
1.2166666666666666,True,38.5225
1.2333333333333334,False,38.542
1.2333333333333334,True,38.5025
1.25,False,38.544
1.25,True,38.445
1.2666666666666666,False,38.539
1.2666666666666666,True,38.405
1.2833333333333334,False,38.534
1.2833333333333334,True,38.385
1.3,False,38.541
1.3,True,38.43
1.3166666666666667,False,38.547000000000004
1.3166666666666667,True,38.45
1.3333333333333333,False,38.545
1.3333333333333333,True,38.4725
1.35,False,38.518
1.35,True,38.480000000000004
1.3666666666666667,False,38.515
1.3666666666666667,True,38.472500000000004
1.3833333333333333,False,38.498000000000005
1.3833333333333333,True,38.4475
1.4,False,38.47
1.4,True,38.485
1.4166666666666667,False,38.442
1.4166666666666667,True,38.4625
1.4333333333333333,False,38.444
1.4333333333333333,True,38.435
1.45,False,38.495
1.45,True,38.4225
1.4666666666666666,False,38.535000000000004
1.4666666666666666,True,38.405
1.4833333333333334,False,38.538
1.4833333333333334,True,38.44
1.5,False,38.513
1.5,True,38.4625
1.5166666666666666,False,38.492000000000004
1.5166666666666666,True,38.455
1.5333333333333334,False,38.474000000000004
1.5333333333333334,True,38.4325
1.55,False,38.455
1.55,True,38.3925
1.5666666666666667,False,38.476
1.5666666666666667,True,38.3625
1.5833333333333333,False,38.510000000000005
1.5833333333333333,True,38.355000000000004
1.6,False,38.513
1.6,True,38.3425
1.6166666666666667,False,38.515
1.6166666666666667,True,38.3025
1.6333333333333333,False,38.499
1.6333333333333333,True,38.245000000000005
1.65,False,38.472
1.65,True,38.2325
1.6666666666666667,False,38.472
1.6666666666666667,True,38.2625
1.6833333333333333,False,38.483999999999995
1.6833333333333333,True,38.34
1.7,False,38.484
1.7,True,38.375
1.7166666666666666,False,38.495
1.7166666666666666,True,38.325
1.7333333333333334,False,38.492000000000004
1.7333333333333334,True,38.2825
1.75,False,38.493
1.75,True,38.2425
1.7666666666666666,False,38.464
1.7666666666666666,True,38.23
1.7833333333333334,False,38.463
1.7833333333333334,True,38.2825
1.8,False,38.485
1.8,True,38.317499999999995
1.8166666666666667,False,38.492000000000004
1.8166666666666667,True,38.347500000000004
1.8333333333333333,False,38.456
1.8333333333333333,True,38.34
1.85,False,38.423
1.85,True,38.2875
1.8666666666666667,False,38.428
1.8666666666666667,True,38.2475
1.8833333333333333,False,38.438
1.8833333333333333,True,38.215
1.9,False,38.458
1.9,True,38.185
1.9166666666666667,False,38.452
1.9166666666666667,True,38.207499999999996
1.9333333333333333,False,38.445
1.9333333333333333,True,38.2
1.95,False,38.405
1.95,True,38.1575
1.9666666666666666,False,38.388
1.9666666666666666,True,38.144999999999996
1.9833333333333334,False,38.388
1.9833333333333334,True,38.2125
2.0,False,38.384
2.0,True,38.2525
2.0166666666666666,False,38.402
2.0166666666666666,True,38.2625
2.033333333333333,False,38.439
2.033333333333333,True,38.2625
2.05,False,38.448
2.05,True,38.2375
2.066666666666667,False,38.43
2.066666666666667,True,38.2125
2.0833333333333335,False,38.437
2.0833333333333335,True,38.2
2.1,False,38.424
2.1,True,38.195
2.1166666666666667,False,38.397
2.1166666666666667,True,38.195
2.1333333333333333,False,38.39
2.1333333333333333,True,38.205
2.15,False,38.374
2.15,True,38.2425
2.1666666666666665,False,38.364
2.1666666666666665,True,38.26
2.183333333333333,False,38.393
2.183333333333333,True,38.2675
2.2,False,38.384
2.2,True,38.2525
2.216666666666667,False,38.375
2.216666666666667,True,38.230000000000004
2.2333333333333334,False,38.384
2.2333333333333334,True,38.2225
2.25,False,38.364
2.25,True,38.195
2.2666666666666666,False,38.339999999999996
2.2666666666666666,True,38.144999999999996
2.283333333333333,False,38.33
2.283333333333333,True,38.08
2.3,False,38.369
2.3,True,38.0875
2.316666666666667,False,38.356
2.316666666666667,True,38.0775
2.3333333333333335,False,38.308
2.3333333333333335,True,38.129999999999995
2.35,False,38.275999999999996
2.35,True,38.1075
2.3666666666666667,False,38.232
2.3666666666666667,True,37.9775
2.3833333333333333,False,38.239
2.3833333333333333,True,37.9375
2.4,False,38.257
2.4,True,37.97
2.4166666666666665,False,38.256
2.4166666666666665,True,38.015
2.433333333333333,False,38.253
2.433333333333333,True,38.0425
2.45,False,38.268
2.45,True,38.097500000000004
2.466666666666667,False,38.275
2.466666666666667,True,38.1275
2.4833333333333334,False,38.272
2.4833333333333334,True,38.08
2.5,False,38.285
2.5,True,38.065000000000005
2.5166666666666666,False,38.342
2.5166666666666666,True,38.082499999999996
2.533333333333333,False,38.346999999999994
2.533333333333333,True,38.114999999999995
2.55,False,38.349000000000004
2.55,True,38.167500000000004
2.566666666666667,False,38.347
2.566666666666667,True,38.1925
2.5833333333333335,False,38.339
2.5833333333333335,True,38.2125
2.6,False,38.331
2.6,True,38.2475
2.6166666666666667,False,38.301
2.6166666666666667,True,38.275
2.6333333333333333,False,38.263
2.6333333333333333,True,38.3
2.65,False,38.224000000000004
2.65,True,38.29
2.6666666666666665,False,38.234
2.6666666666666665,True,38.335
2.683333333333333,False,38.242000000000004
2.683333333333333,True,38.3575
2.7,False,38.298
2.7,True,38.3325
2.716666666666667,False,38.32
2.716666666666667,True,38.2825
2.7333333333333334,False,38.352
2.7333333333333334,True,38.2225
2.75,False,38.376
2.75,True,38.207499999999996
2.7666666666666666,False,38.36
2.7666666666666666,True,38.2725
2.783333333333333,False,38.334
2.783333333333333,True,38.3225
2.8,False,38.303
2.8,True,38.3825
2.816666666666667,False,38.308
2.816666666666667,True,38.3525
2.8333333333333335,False,38.331
2.8333333333333335,True,38.275
2.85,False,38.317
2.85,True,38.2175
2.8666666666666667,False,38.326
2.8666666666666667,True,38.17
2.8833333333333333,False,38.338
2.8833333333333333,True,38.2375
2.9,False,38.313
2.9,True,38.2675
2.9166666666666665,False,38.344
2.9166666666666665,True,38.29
2.933333333333333,False,38.392
2.933333333333333,True,38.3125
2.95,False,38.38
2.95,True,38.2975
2.966666666666667,False,38.36
2.966666666666667,True,38.254999999999995
2.9833333333333334,False,38.333
2.9833333333333334,True,38.2725
3.0,False,38.287
3.0,True,38.33
3.0166666666666666,False,38.286
3.0166666666666666,True,38.400000000000006
3.033333333333333,False,38.291000000000004
3.033333333333333,True,38.427499999999995
3.05,False,38.284000000000006
3.05,True,38.405
3.066666666666667,False,38.266000000000005
3.066666666666667,True,38.37
3.0833333333333335,False,38.287
3.0833333333333335,True,38.3575
3.1,False,38.287
3.1,True,38.375
3.1166666666666667,False,38.235
3.1166666666666667,True,38.3775
3.1333333333333333,False,38.205
3.1333333333333333,True,38.355
3.15,False,38.192
3.15,True,38.3725
3.1666666666666665,False,38.206
3.1666666666666665,True,38.375
3.183333333333333,False,38.235
3.183333333333333,True,38.3825
3.2,False,38.279
3.2,True,38.3825
3.216666666666667,False,38.295
3.216666666666667,True,38.38
3.2333333333333334,False,38.265
3.2333333333333334,True,38.365
3.25,False,38.239999999999995
3.25,True,38.3475
3.2666666666666666,False,38.263
3.2666666666666666,True,38.3325
3.283333333333333,False,38.275999999999996
3.283333333333333,True,38.3075
3.3,False,38.272000000000006
3.3,True,38.27
3.316666666666667,False,38.287
3.316666666666667,True,38.215
3.3333333333333335,False,38.268
3.3333333333333335,True,38.17
3.35,False,38.251
3.35,True,38.1275
3.3666666666666667,False,38.268
3.3666666666666667,True,38.07
3.3833333333333333,False,38.277
3.3833333333333333,True,38.0525
3.4,False,38.287
3.4,True,38.0725
3.4166666666666665,False,38.28
3.4166666666666665,True,38.03
3.433333333333333,False,38.284000000000006
3.433333333333333,True,37.977500000000006
3.45,False,38.301
3.45,True,37.95
3.466666666666667,False,38.296
3.466666666666667,True,37.912499999999994
3.4833333333333334,False,38.289
3.4833333333333334,True,37.9275
3.5,False,38.251999999999995
3.5,True,38.0025
3.5166666666666666,False,38.243
3.5166666666666666,True,38.0
3.533333333333333,False,38.251
3.533333333333333,True,37.9875
3.55,False,38.243
3.55,True,37.989999999999995
3.566666666666667,False,38.249
3.566666666666667,True,38.005
3.5833333333333335,False,38.272000000000006
3.5833333333333335,True,38.0375
3.6,False,38.269
3.6,True,38.045
3.6166666666666667,False,38.293
3.6166666666666667,True,38.0225
3.6333333333333333,False,38.287
3.6333333333333333,True,38.01
3.65,False,38.271
3.65,True,37.9775
3.6666666666666665,False,38.283
3.6666666666666665,True,37.925
3.683333333333333,False,38.271
3.683333333333333,True,37.9325
3.7,False,38.251
3.7,True,37.9025
3.716666666666667,False,38.233
3.716666666666667,True,37.9475
3.7333333333333334,False,38.232
3.7333333333333334,True,38.025
3.75,False,38.233999999999995
3.75,True,38.09
3.7666666666666666,False,38.247
3.7666666666666666,True,38.1075
3.783333333333333,False,38.247
3.783333333333333,True,38.08
3.8,False,38.238
3.8,True,38.0775
3.816666666666667,False,38.245999999999995
3.816666666666667,True,38.1175
3.8333333333333335,False,38.232
3.8333333333333335,True,38.205
3.85,False,38.234
3.85,True,38.2525
3.8666666666666667,False,38.227999999999994
3.8666666666666667,True,38.2525
3.8833333333333333,False,38.213
3.8833333333333333,True,38.2125
3.9,False,38.213
3.9,True,38.1375
3.9166666666666665,False,38.217
3.9166666666666665,True,38.1325
3.933333333333333,False,38.218
3.933333333333333,True,38.192499999999995
3.95,False,38.230000000000004
3.95,True,38.2475
3.966666666666667,False,38.208999999999996
3.966666666666667,True,38.305
3.9833333333333334,False,38.172000000000004
3.9833333333333334,True,38.3375
4.0,False,38.138
4.0,True,38.3425
4.016666666666667,False,38.131
4.016666666666667,True,38.307500000000005
4.033333333333333,False,38.14
4.033333333333333,True,38.307500000000005
4.05,False,38.144999999999996
4.05,True,38.355000000000004
4.066666666666666,False,38.125
4.066666666666666,True,38.3825
4.083333333333333,False,38.117000000000004
4.083333333333333,True,38.3625
4.1,False,38.089999999999996
4.1,True,38.34
4.116666666666666,False,38.08
4.116666666666666,True,38.339999999999996
4.133333333333334,False,38.099000000000004
4.133333333333334,True,38.3225
4.15,False,38.160000000000004
4.15,True,38.365
4.166666666666667,False,38.161
4.166666666666667,True,38.3875
4.183333333333334,False,38.13
4.183333333333334,True,38.3975
4.2,False,38.136
4.2,True,38.375
4.216666666666667,False,38.161
4.216666666666667,True,38.39
4.233333333333333,False,38.165
4.233333333333333,True,38.3775
4.25,False,38.164
4.25,True,38.3875
4.266666666666667,False,38.186
4.266666666666667,True,38.397499999999994
4.283333333333333,False,38.193
4.283333333333333,True,38.405
4.3,False,38.184
4.3,True,38.4275
4.316666666666666,False,38.161
4.316666666666666,True,38.445
4.333333333333333,False,38.144
4.333333333333333,True,38.44
4.35,False,38.144999999999996
4.35,True,38.3975
4.366666666666666,False,38.138999999999996
4.366666666666666,True,38.3475
4.383333333333334,False,38.135000000000005
4.383333333333334,True,38.3475
4.4,False,38.137
4.4,True,38.3925
4.416666666666667,False,38.131
4.416666666666667,True,38.435
4.433333333333334,False,38.122
4.433333333333334,True,38.48
4.45,False,38.132
4.45,True,38.49
4.466666666666667,False,38.142
4.466666666666667,True,38.4625
4.483333333333333,False,38.145
4.483333333333333,True,38.4375
4.5,False,38.147000000000006
4.5,True,38.415
4.516666666666667,False,38.135000000000005
4.516666666666667,True,38.3675
4.533333333333333,False,38.102999999999994
4.533333333333333,True,38.355000000000004
4.55,False,38.123000000000005
4.55,True,38.355
4.566666666666666,False,38.152
4.566666666666666,True,38.4025
4.583333333333333,False,38.162
4.583333333333333,True,38.4525
4.6,False,38.166
4.6,True,38.455
4.616666666666666,False,38.177
4.616666666666666,True,38.4275
4.633333333333334,False,38.171
4.633333333333334,True,38.425
4.65,False,38.123000000000005
4.65,True,38.4275
4.666666666666667,False,38.128
4.666666666666667,True,38.43
4.683333333333334,False,38.129
4.683333333333334,True,38.42
4.7,False,38.133
4.7,True,38.4075
4.716666666666667,False,38.129000000000005
4.716666666666667,True,38.3975
4.733333333333333,False,38.125
4.733333333333333,True,38.4025
4.75,False,38.114
4.75,True,38.435
4.766666666666667,False,38.103
4.766666666666667,True,38.432500000000005
4.783333333333333,False,38.104
4.783333333333333,True,38.4275
4.8,False,38.098
4.8,True,38.435
4.816666666666666,False,38.090999999999994
4.816666666666666,True,38.445
4.833333333333333,False,38.087
4.833333333333333,True,38.44
4.85,False,38.069
4.85,True,38.4
4.866666666666666,False,38.07299999999999
4.866666666666666,True,38.345
4.883333333333334,False,38.07899999999999
4.883333333333334,True,38.3325
4.9,False,38.065999999999995
4.9,True,38.2675
4.916666666666667,False,38.034
4.916666666666667,True,38.2375
4.933333333333334,False,38.004999999999995
4.933333333333334,True,38.3075
4.95,False,37.992000000000004
4.95,True,38.3575
4.966666666666667,False,37.973
4.966666666666667,True,38.3975
4.983333333333333,False,37.964999999999996
4.983333333333333,True,38.415
5.0,False,37.962
5.0,True,38.3775
5.016666666666667,False,37.951
5.016666666666667,True,38.3425
5.033333333333333,False,37.916
5.033333333333333,True,38.38
5.05,False,37.913
5.05,True,38.405
5.066666666666666,False,37.941
5.066666666666666,True,38.3875
5.083333333333333,False,37.975
5.083333333333333,True,38.3675
5.1,False,38.006
5.1,True,38.34
5.116666666666666,False,38.032000000000004
5.116666666666666,True,38.32
5.133333333333334,False,38.032
5.133333333333334,True,38.325
5.15,False,38.023
5.15,True,38.3225
5.166666666666667,False,38.013
5.166666666666667,True,38.2975
5.183333333333334,False,38.001
5.183333333333334,True,38.2625
5.2,False,37.994
5.2,True,38.2275
5.216666666666667,False,38.013999999999996
5.216666666666667,True,38.215
5.233333333333333,False,38.028
5.233333333333333,True,38.25
5.25,False,38.011
5.25,True,38.29
5.266666666666667,False,38.025999999999996
5.266666666666667,True,38.3675
5.283333333333333,False,38.032
5.283333333333333,True,38.3875
5.3,False,38.05
5.3,True,38.37
5.316666666666666,False,38.055
5.316666666666666,True,38.33
5.333333333333333,False,38.048
5.333333333333333,True,38.28
5.35,False,38.032
5.35,True,38.2625
5.366666666666666,False,37.981
5.366666666666666,True,38.3475
5.383333333333334,False,37.952
5.383333333333334,True,38.39
5.4,False,37.968
5.4,True,38.3825
5.416666666666667,False,37.952
5.416666666666667,True,38.335
5.433333333333334,False,37.95
5.433333333333334,True,38.33
5.45,False,37.942
5.45,True,38.3575
5.466666666666667,False,37.947
5.466666666666667,True,38.355
5.483333333333333,False,37.981
5.483333333333333,True,38.365
5.5,False,38.005
5.5,True,38.4
5.516666666666667,False,38.018
5.516666666666667,True,38.4625
5.533333333333333,False,38.033
5.533333333333333,True,38.4825
5.55,False,38.067
5.55,True,38.46
5.566666666666666,False,38.073
5.566666666666666,True,38.442499999999995
5.583333333333333,False,38.065
5.583333333333333,True,38.455
5.6,False,38.06
5.6,True,38.45
5.616666666666666,False,38.054
5.616666666666666,True,38.445
5.633333333333334,False,38.051
5.633333333333334,True,38.3875
5.65,False,38.041
5.65,True,38.3375
5.666666666666667,False,38.044
5.666666666666667,True,38.3175
5.683333333333334,False,38.047000000000004
5.683333333333334,True,38.3375
5.7,False,38.057
5.7,True,38.402499999999996
5.716666666666667,False,38.1
5.716666666666667,True,38.4375
5.733333333333333,False,38.131
5.733333333333333,True,38.4325
5.75,False,38.135000000000005
5.75,True,38.39
5.766666666666667,False,38.126999999999995
5.766666666666667,True,38.3675
5.783333333333333,False,38.15
5.783333333333333,True,38.4125
5.8,False,38.174
5.8,True,38.3975
5.816666666666666,False,38.202
5.816666666666666,True,38.3875
5.833333333333333,False,38.213
5.833333333333333,True,38.39
5.85,False,38.208999999999996
5.85,True,38.41
5.866666666666666,False,38.208
5.866666666666666,True,38.4225
5.883333333333334,False,38.244
5.883333333333334,True,38.447500000000005
5.9,False,38.269
5.9,True,38.5025
5.916666666666667,False,38.289
5.916666666666667,True,38.542500000000004
5.933333333333334,False,38.321
5.933333333333334,True,38.545
5.95,False,38.326
5.95,True,38.5025
5.966666666666667,False,38.305
5.966666666666667,True,38.5175
5.983333333333333,False,38.266
5.983333333333333,True,38.557500000000005
6.0,False,38.248000000000005
6.0,True,38.58
6.016666666666667,False,38.261
6.016666666666667,True,38.567499999999995
6.033333333333333,False,38.296
6.033333333333333,True,38.515
6.05,False,38.317
6.05,True,38.53
6.066666666666666,False,38.317
6.066666666666666,True,38.55
6.083333333333333,False,38.322
6.083333333333333,True,38.5325
6.1,False,38.308
6.1,True,38.489999999999995
6.116666666666666,False,38.273
6.116666666666666,True,38.480000000000004
6.133333333333334,False,38.239
6.133333333333334,True,38.4975
6.15,False,38.262
6.15,True,38.46
6.166666666666667,False,38.259
6.166666666666667,True,38.45
6.183333333333334,False,38.245
6.183333333333334,True,38.5075
6.2,False,38.268
6.2,True,38.510000000000005
6.216666666666667,False,38.265
6.216666666666667,True,38.535
6.233333333333333,False,38.227
6.233333333333333,True,38.545
6.25,False,38.221
6.25,True,38.56
6.266666666666667,False,38.219
6.266666666666667,True,38.5375
6.283333333333333,False,38.198
6.283333333333333,True,38.5125
6.3,False,38.177
6.3,True,38.53
6.316666666666666,False,38.198
6.316666666666666,True,38.53
6.333333333333333,False,38.224000000000004
6.333333333333333,True,38.5075
6.35,False,38.239
6.35,True,38.489999999999995
6.366666666666666,False,38.232
6.366666666666666,True,38.515
6.383333333333334,False,38.226
6.383333333333334,True,38.5075
6.4,False,38.212
6.4,True,38.4875
6.416666666666667,False,38.188
6.416666666666667,True,38.5325
6.433333333333334,False,38.202
6.433333333333334,True,38.58
6.45,False,38.229
6.45,True,38.5875
6.466666666666667,False,38.221999999999994
6.466666666666667,True,38.62
6.483333333333333,False,38.237
6.483333333333333,True,38.62
6.5,False,38.216
6.5,True,38.595
6.516666666666667,False,38.186
6.516666666666667,True,38.55
6.533333333333333,False,38.176
6.533333333333333,True,38.5475
6.55,False,38.156
6.55,True,38.53
6.566666666666666,False,38.138
6.566666666666666,True,38.505
6.583333333333333,False,38.120999999999995
6.583333333333333,True,38.5
6.6,False,38.126999999999995
6.6,True,38.545
6.616666666666666,False,38.149
6.616666666666666,True,38.545
6.633333333333334,False,38.134
6.633333333333334,True,38.585
6.65,False,38.112
6.65,True,38.5875
6.666666666666667,False,38.088
6.666666666666667,True,38.5775
6.683333333333334,False,38.129000000000005
6.683333333333334,True,38.525
6.7,False,38.15
6.7,True,38.5425
6.716666666666667,False,38.162
6.716666666666667,True,38.53
6.733333333333333,False,38.169
6.733333333333333,True,38.4975
6.75,False,38.169
6.75,True,38.5
6.766666666666667,False,38.183
6.766666666666667,True,38.5275
6.783333333333333,False,38.194
6.783333333333333,True,38.55
6.8,False,38.158
6.8,True,38.5675
6.816666666666666,False,38.123000000000005
6.816666666666666,True,38.5375
6.833333333333333,False,38.164
6.833333333333333,True,38.5
6.85,False,38.202
6.85,True,38.4625
6.866666666666666,False,38.203
6.866666666666666,True,38.3925
6.883333333333334,False,38.197
6.883333333333334,True,38.3175
6.9,False,38.208999999999996
6.9,True,38.3575
6.916666666666667,False,38.192
6.916666666666667,True,38.3975
6.933333333333334,False,38.215999999999994
6.933333333333334,True,38.41
6.95,False,38.225
6.95,True,38.445
6.966666666666667,False,38.234
6.966666666666667,True,38.5075
6.983333333333333,False,38.266
6.983333333333333,True,38.555
7.0,False,38.278
7.0,True,38.5325
7.016666666666667,False,38.256
7.016666666666667,True,38.5175
7.033333333333333,False,38.266
7.033333333333333,True,38.5375
7.05,False,38.312
7.05,True,38.5275
7.066666666666666,False,38.364999999999995
7.066666666666666,True,38.49
7.083333333333333,False,38.376
7.083333333333333,True,38.5
7.1,False,38.343
7.1,True,38.5225
7.116666666666666,False,38.331
7.116666666666666,True,38.545
7.133333333333334,False,38.346
7.133333333333334,True,38.5275
7.15,False,38.366
7.15,True,38.5125
7.166666666666667,False,38.394
7.166666666666667,True,38.5325
7.183333333333334,False,38.392
7.183333333333334,True,38.55
7.2,False,38.37
7.2,True,38.5475
7.216666666666667,False,38.338
7.216666666666667,True,38.542500000000004
7.233333333333333,False,38.307
7.233333333333333,True,38.505
7.25,False,38.282
7.25,True,38.43
7.266666666666667,False,38.277
7.266666666666667,True,38.4
7.283333333333333,False,38.266000000000005
7.283333333333333,True,38.4275
7.3,False,38.235
7.3,True,38.504999999999995
7.316666666666666,False,38.215999999999994
7.316666666666666,True,38.5475
7.333333333333333,False,38.227
7.333333333333333,True,38.5475
7.35,False,38.253
7.35,True,38.545
7.366666666666666,False,38.262
7.366666666666666,True,38.475
7.383333333333334,False,38.251
7.383333333333334,True,38.4125
7.4,False,38.239
7.4,True,38.415
7.416666666666667,False,38.209
7.416666666666667,True,38.4075
7.433333333333334,False,38.189
7.433333333333334,True,38.3925
7.45,False,38.17
7.45,True,38.4075
7.466666666666667,False,38.208999999999996
7.466666666666667,True,38.4375
7.483333333333333,False,38.236000000000004
7.483333333333333,True,38.4275
7.5,False,38.218
7.5,True,38.445
7.516666666666667,False,38.183
7.516666666666667,True,38.4725
7.533333333333333,False,38.176
7.533333333333333,True,38.49
7.55,False,38.207
7.55,True,38.535
7.566666666666666,False,38.198
7.566666666666666,True,38.55
7.583333333333333,False,38.167
7.583333333333333,True,38.535
7.6,False,38.153
7.6,True,38.510000000000005
7.616666666666666,False,38.134
7.616666666666666,True,38.459999999999994
7.633333333333334,False,38.112
7.633333333333334,True,38.432500000000005
7.65,False,38.114999999999995
7.65,True,38.465
7.666666666666667,False,38.152
7.666666666666667,True,38.455
7.683333333333334,False,38.193
7.683333333333334,True,38.405
7.7,False,38.194
7.7,True,38.4375
7.716666666666667,False,38.179
7.716666666666667,True,38.4475
7.733333333333333,False,38.136
7.733333333333333,True,38.435
7.75,False,38.094
7.75,True,38.417500000000004
7.766666666666667,False,38.094
7.766666666666667,True,38.4
7.783333333333333,False,38.082
7.783333333333333,True,38.38
7.8,False,38.075
7.8,True,38.385
7.816666666666666,False,38.088
7.816666666666666,True,38.4075
7.833333333333333,False,38.062
7.833333333333333,True,38.4225
7.85,False,38.058
7.85,True,38.43
7.866666666666666,False,38.059000000000005
7.866666666666666,True,38.4525
7.883333333333334,False,38.061
7.883333333333334,True,38.425
7.9,False,38.081
7.9,True,38.415
7.916666666666667,False,38.077999999999996
7.916666666666667,True,38.43
7.933333333333334,False,38.051
7.933333333333334,True,38.4725
7.95,False,38.045
7.95,True,38.485
7.966666666666667,False,38.052
7.966666666666667,True,38.4375
7.983333333333333,False,38.066
7.983333333333333,True,38.417500000000004
8.0,False,38.07
8.0,True,38.435
8.016666666666667,False,38.072
8.016666666666667,True,38.435
8.033333333333333,False,38.071
8.033333333333333,True,38.44
8.05,False,38.055
8.05,True,38.4
8.066666666666666,False,38.027
8.066666666666666,True,38.4225
8.083333333333334,False,37.987
8.083333333333334,True,38.455
8.1,False,37.983999999999995
8.1,True,38.4375
8.116666666666667,False,37.988
8.116666666666667,True,38.44
8.133333333333333,False,37.991
8.133333333333333,True,38.46
8.15,False,38.022000000000006
8.15,True,38.465
8.166666666666666,False,38.046
8.166666666666666,True,38.4975
8.183333333333334,False,38.046
8.183333333333334,True,38.495
8.2,False,38.034
8.2,True,38.485
8.216666666666667,False,38.0
8.216666666666667,True,38.505
8.233333333333333,False,37.955
8.233333333333333,True,38.565
8.25,False,37.926
8.25,True,38.585
8.266666666666667,False,37.910000000000004
8.266666666666667,True,38.61
8.283333333333333,False,37.909000000000006
8.283333333333333,True,38.6225
8.3,False,37.875
8.3,True,38.6575
8.316666666666666,False,37.824
8.316666666666666,True,38.71
8.333333333333334,False,37.796
8.333333333333334,True,38.7275
8.35,False,37.791
8.35,True,38.7225
8.366666666666667,False,37.794
8.366666666666667,True,38.7
8.383333333333333,False,37.794
8.383333333333333,True,38.667500000000004
8.4,False,37.808
8.4,True,38.6
8.416666666666666,False,37.813
8.416666666666666,True,38.515
8.433333333333334,False,37.794
8.433333333333334,True,38.489999999999995
8.45,False,37.748000000000005
8.45,True,38.495
8.466666666666667,False,37.727
8.466666666666667,True,38.4925
8.483333333333333,False,37.724000000000004
8.483333333333333,True,38.425
8.5,False,37.733
8.5,True,38.3275
8.516666666666667,False,37.741
8.516666666666667,True,38.3475
8.533333333333333,False,37.763
8.533333333333333,True,38.375
8.55,False,37.795
8.55,True,38.345
8.566666666666666,False,37.822
8.566666666666666,True,38.29
8.583333333333334,False,37.813
8.583333333333334,True,38.2575
8.6,False,37.802
8.6,True,38.255
8.616666666666667,False,37.79600000000001
8.616666666666667,True,38.25
8.633333333333333,False,37.775
8.633333333333333,True,38.1975
8.65,False,37.742000000000004
8.65,True,38.129999999999995
8.666666666666666,False,37.688
8.666666666666666,True,38.115
8.683333333333334,False,37.632999999999996
8.683333333333334,True,38.155
8.7,False,37.568
8.7,True,38.185
8.716666666666667,False,37.534000000000006
8.716666666666667,True,38.2125
8.733333333333333,False,37.553
8.733333333333333,True,38.26
8.75,False,37.569
8.75,True,38.285
8.766666666666667,False,37.583
8.766666666666667,True,38.2625
8.783333333333333,False,37.56
8.783333333333333,True,38.235
8.8,False,37.537
8.8,True,38.2325
8.816666666666666,False,37.510000000000005
8.816666666666666,True,38.235
8.833333333333334,False,37.495999999999995
8.833333333333334,True,38.1575
8.85,False,37.493
8.85,True,38.0075
8.866666666666667,False,37.473
8.866666666666667,True,37.9375
8.883333333333333,False,37.432
8.883333333333333,True,37.9475
8.9,False,37.378
8.9,True,37.932500000000005
8.916666666666666,False,37.306
8.916666666666666,True,37.925
8.933333333333334,False,37.254000000000005
8.933333333333334,True,37.9875
8.95,False,37.199
8.95,True,38.042500000000004
8.966666666666667,False,37.157
8.966666666666667,True,38.0125
8.983333333333333,False,37.160000000000004
8.983333333333333,True,37.985
9.0,False,37.202
9.0,True,37.9575
9.016666666666667,False,37.219
9.016666666666667,True,37.9225
9.033333333333333,False,37.218
9.033333333333333,True,37.8875
9.05,False,37.22
9.05,True,37.849999999999994
9.066666666666666,False,37.227
9.066666666666666,True,37.8475
9.083333333333334,False,37.21
9.083333333333334,True,37.85
9.1,False,37.169
9.1,True,37.8875
9.116666666666667,False,37.161
9.116666666666667,True,37.95
9.133333333333333,False,37.157
9.133333333333333,True,37.9775
9.15,False,37.160000000000004
9.15,True,37.97
9.166666666666666,False,37.165
9.166666666666666,True,37.894999999999996
9.183333333333334,False,37.2
9.183333333333334,True,37.7725
9.2,False,37.235
9.2,True,37.775
9.216666666666667,False,37.255
9.216666666666667,True,37.875
9.233333333333333,False,37.261
9.233333333333333,True,37.985
9.25,False,37.263
9.25,True,37.9825
9.266666666666667,False,37.268
9.266666666666667,True,37.9725
9.283333333333333,False,37.257
9.283333333333333,True,37.91
9.3,False,37.241
9.3,True,37.9225
9.316666666666666,False,37.194
9.316666666666666,True,37.9425
9.333333333333334,False,37.144999999999996
9.333333333333334,True,37.9275
9.35,False,37.122
9.35,True,37.915
9.366666666666667,False,37.114999999999995
9.366666666666667,True,37.957499999999996
9.383333333333333,False,37.106
9.383333333333333,True,37.975
9.4,False,37.095
9.4,True,37.96
9.416666666666666,False,37.099000000000004
9.416666666666666,True,37.94
9.433333333333334,False,37.1
9.433333333333334,True,37.925
9.45,False,37.097
9.45,True,37.95
9.466666666666667,False,37.104
9.466666666666667,True,37.9925
9.483333333333333,False,37.107
9.483333333333333,True,38.005
9.5,False,37.065
9.5,True,38.0075
9.516666666666667,False,37.018
9.516666666666667,True,37.99
9.533333333333333,False,36.988
9.533333333333333,True,38.004999999999995
9.55,False,36.994
9.55,True,38.0175
9.566666666666666,False,37.003
9.566666666666666,True,38.0475
9.583333333333334,False,36.991
9.583333333333334,True,38.0225
9.6,False,36.983
9.6,True,37.9975
9.616666666666667,False,36.988
9.616666666666667,True,37.96
9.633333333333333,False,36.971000000000004
9.633333333333333,True,37.915
9.65,False,36.918
9.65,True,37.93
9.666666666666666,False,36.886
9.666666666666666,True,37.9825
9.683333333333334,False,36.862
9.683333333333334,True,38.042500000000004
9.7,False,36.894
9.7,True,38.0525
9.716666666666667,False,36.92999999999999
9.716666666666667,True,38.0325
9.733333333333333,False,36.933
9.733333333333333,True,38.015
9.75,False,36.9
9.75,True,38.055
9.766666666666667,False,36.886
9.766666666666667,True,38.09
9.783333333333333,False,36.89
9.783333333333333,True,38.0925
9.8,False,36.88
9.8,True,38.075
9.816666666666666,False,36.926
9.816666666666666,True,38.035
9.833333333333334,False,36.945
9.833333333333334,True,38.015
9.85,False,36.954
9.85,True,37.9625
9.866666666666667,False,36.964
9.866666666666667,True,37.9075
9.883333333333333,False,36.971000000000004
9.883333333333333,True,37.79
9.9,False,36.97
9.9,True,37.6875
9.916666666666666,False,36.962
9.916666666666666,True,37.6
9.933333333333334,False,36.942
9.933333333333334,True,37.5775
9.95,False,36.910000000000004
9.95,True,37.557500000000005
9.966666666666667,False,36.899
9.966666666666667,True,37.5075
9.983333333333333,False,36.898
9.983333333333333,True,37.4525
10.0,False,36.882
10.0,True,37.3725
10.016666666666667,False,36.864
10.016666666666667,True,37.305
10.033333333333333,False,36.839999999999996
10.033333333333333,True,37.2975
10.05,False,36.825
10.05,True,37.315
10.066666666666666,False,36.817
10.066666666666666,True,37.3725
10.083333333333334,False,36.796
10.083333333333334,True,37.41
10.1,False,36.808
10.1,True,37.480000000000004
10.116666666666667,False,36.828
10.116666666666667,True,37.55
10.133333333333333,False,36.86
10.133333333333333,True,37.6175
10.15,False,36.881
10.15,True,37.677499999999995
10.166666666666666,False,36.921
10.166666666666666,True,37.69
10.183333333333334,False,36.958
10.183333333333334,True,37.7175
10.2,False,36.984
10.2,True,37.715
10.216666666666667,False,36.995999999999995
10.216666666666667,True,37.7625
10.233333333333333,False,37.006
10.233333333333333,True,37.775
10.25,False,37.006
10.25,True,37.7625
10.266666666666667,False,37.012
10.266666666666667,True,37.7675
10.283333333333333,False,37.041
10.283333333333333,True,37.832499999999996
10.3,False,37.051
10.3,True,37.9125
10.316666666666666,False,37.046
10.316666666666666,True,37.935
10.333333333333334,False,37.036
10.333333333333334,True,37.8975
10.35,False,37.051
10.35,True,37.835
10.366666666666667,False,37.09
10.366666666666667,True,37.845
10.383333333333333,False,37.089999999999996
10.383333333333333,True,37.8525
10.4,False,37.067
10.4,True,37.8125
10.416666666666666,False,37.062
10.416666666666666,True,37.7825
10.433333333333334,False,37.054
10.433333333333334,True,37.82
10.45,False,37.052
10.45,True,37.875
10.466666666666667,False,37.088
10.466666666666667,True,37.9
10.483333333333333,False,37.109
10.483333333333333,True,37.9025
10.5,False,37.126
10.5,True,37.875
10.516666666666667,False,37.143
10.516666666666667,True,37.8625
10.533333333333333,False,37.154
10.533333333333333,True,37.835
10.55,False,37.162
10.55,True,37.78
10.566666666666666,False,37.176
10.566666666666666,True,37.725
10.583333333333334,False,37.184
10.583333333333334,True,37.68
10.6,False,37.186
10.6,True,37.6225
10.616666666666667,False,37.173
10.616666666666667,True,37.58
10.633333333333333,False,37.202
10.633333333333333,True,37.5975
10.65,False,37.253
10.65,True,37.6325
10.666666666666666,False,37.295
10.666666666666666,True,37.7025
10.683333333333334,False,37.307
10.683333333333334,True,37.7475
10.7,False,37.342
10.7,True,37.725
10.716666666666667,False,37.384
10.716666666666667,True,37.7175
10.733333333333333,False,37.408
10.733333333333333,True,37.7025
10.75,False,37.410000000000004
10.75,True,37.705
10.766666666666667,False,37.388999999999996
10.766666666666667,True,37.67
10.783333333333333,False,37.391000000000005
10.783333333333333,True,37.68
10.8,False,37.415
10.8,True,37.6625
10.816666666666666,False,37.446999999999996
10.816666666666666,True,37.6325
10.833333333333334,False,37.455
10.833333333333334,True,37.62
10.85,False,37.464
10.85,True,37.707499999999996
10.866666666666667,False,37.461
10.866666666666667,True,37.7575
10.883333333333333,False,37.434000000000005
10.883333333333333,True,37.7375
10.9,False,37.382999999999996
10.9,True,37.705
10.916666666666666,False,37.361000000000004
10.916666666666666,True,37.6475
10.933333333333334,False,37.339999999999996
10.933333333333334,True,37.575
10.95,False,37.326
10.95,True,37.555
10.966666666666667,False,37.301
10.966666666666667,True,37.54
10.983333333333333,False,37.282
10.983333333333333,True,37.552499999999995
11.0,False,37.282
11.0,True,37.58
11.016666666666667,False,37.272000000000006
11.016666666666667,True,37.635
11.033333333333333,False,37.267
11.033333333333333,True,37.682500000000005
11.05,False,37.295
11.05,True,37.745000000000005
11.066666666666666,False,37.32
11.066666666666666,True,37.817499999999995
11.083333333333334,False,37.308
11.083333333333334,True,37.81
11.1,False,37.266000000000005
11.1,True,37.77
11.116666666666667,False,37.238
11.116666666666667,True,37.7025
11.133333333333333,False,37.227999999999994
11.133333333333333,True,37.6575
11.15,False,37.202
11.15,True,37.6025
11.166666666666666,False,37.185
11.166666666666666,True,37.5125
11.183333333333334,False,37.162
11.183333333333334,True,37.4125
11.2,False,37.148
11.2,True,37.37
11.216666666666667,False,37.152
11.216666666666667,True,37.33
11.233333333333333,False,37.136
11.233333333333333,True,37.3125
11.25,False,37.152
11.25,True,37.322500000000005
11.266666666666667,False,37.21530497
11.266666666666667,True,37.322500000000005
11.283333333333333,False,37.23430497
11.283333333333333,True,37.345
11.3,False,37.23430497
11.3,True,37.42
11.316666666666666,False,37.231304970000004
11.316666666666666,True,37.465
11.333333333333334,False,37.24130497
11.333333333333334,True,37.525
11.35,False,37.23130497
11.35,True,37.5725
11.366666666666667,False,37.204304969999995
11.366666666666667,True,37.6
11.383333333333333,False,37.214
11.383333333333333,True,37.605000000000004
11.4,False,37.227999999999994
11.4,True,37.595
11.416666666666666,False,37.218
11.416666666666666,True,37.582499999999996
11.433333333333334,False,37.213
11.433333333333334,True,37.555
11.45,False,37.186
11.45,True,37.525000000000006
11.466666666666667,False,37.135000000000005
11.466666666666667,True,37.5275
11.483333333333333,False,37.141
11.483333333333333,True,37.5225
11.5,False,37.165
11.5,True,37.5025
11.516666666666667,False,37.181
11.516666666666667,True,37.465
11.533333333333333,False,37.183
11.533333333333333,True,37.4375
11.55,False,37.187
11.55,True,37.4525
11.566666666666666,False,37.176
11.566666666666666,True,37.46
11.583333333333334,False,37.137
11.583333333333334,True,37.435
11.6,False,37.116
11.6,True,37.3725
11.616666666666667,False,37.102
11.616666666666667,True,37.3425
11.633333333333333,False,37.105000000000004
11.633333333333333,True,37.3175
11.65,False,37.094
11.65,True,37.307500000000005
11.666666666666666,False,37.089
11.666666666666666,True,37.315
11.683333333333334,False,37.075
11.683333333333334,True,37.33
11.7,False,37.043
11.7,True,37.36
11.716666666666667,False,37.022000000000006
11.716666666666667,True,37.370000000000005
11.733333333333333,False,36.989999999999995
11.733333333333333,True,37.365
11.75,False,36.957
11.75,True,37.3575
11.766666666666667,False,36.962
11.766666666666667,True,37.332499999999996
11.783333333333333,False,36.983999999999995
11.783333333333333,True,37.33
11.8,False,36.987
11.8,True,37.3225
11.816666666666666,False,36.989
11.816666666666666,True,37.335
11.833333333333334,False,36.993
11.833333333333334,True,37.3575
11.85,False,36.975
11.85,True,37.35
11.866666666666667,False,36.948
11.866666666666667,True,37.335
11.883333333333333,False,36.95
11.883333333333333,True,37.2975
11.9,False,36.95
11.9,True,37.265
11.916666666666666,False,36.949
11.916666666666666,True,37.25
11.933333333333334,False,36.936
11.933333333333334,True,37.292500000000004
11.95,False,36.909000000000006
11.95,True,37.34
11.966666666666667,False,36.89
11.966666666666667,True,37.3675
11.983333333333333,False,36.870999999999995
11.983333333333333,True,37.36
12.0,False,36.858
12.0,True,37.3475
12.016666666666667,False,36.862
12.016666666666667,True,37.39
12.033333333333333,False,36.848
12.033333333333333,True,37.38
12.05,False,36.827
12.05,True,37.317499999999995
12.066666666666666,False,36.805
12.066666666666666,True,37.285
12.083333333333334,False,36.782
12.083333333333334,True,37.28
12.1,False,36.739
12.1,True,37.2675
12.116666666666667,False,36.71
12.116666666666667,True,37.2575
12.133333333333333,False,36.7
12.133333333333333,True,37.24
12.15,False,36.685
12.15,True,37.225
12.166666666666666,False,36.677
12.166666666666666,True,37.245
12.183333333333334,False,36.702000000000005
12.183333333333334,True,37.269999999999996
12.2,False,36.755
12.2,True,37.2725
12.216666666666667,False,36.787
12.216666666666667,True,37.2625
12.233333333333333,False,36.831
12.233333333333333,True,37.2575
12.25,False,36.864999999999995
12.25,True,37.254999999999995
12.266666666666667,False,36.874
12.266666666666667,True,37.265
12.283333333333333,False,36.882999999999996
12.283333333333333,True,37.28
12.3,False,36.882
12.3,True,37.31
12.316666666666666,False,36.881
12.316666666666666,True,37.3525
12.333333333333334,False,36.875
12.333333333333334,True,37.3675
12.35,False,36.864
12.35,True,37.370000000000005
12.366666666666667,False,36.839
12.366666666666667,True,37.405
12.383333333333333,False,36.827999999999996
12.383333333333333,True,37.435
12.4,False,36.832
12.4,True,37.44
12.416666666666666,False,36.833
12.416666666666666,True,37.447500000000005
12.433333333333334,False,36.827999999999996
12.433333333333334,True,37.4275
12.45,False,36.829
12.45,True,37.4275
12.466666666666667,False,36.824
12.466666666666667,True,37.43
12.483333333333333,False,36.807
12.483333333333333,True,37.4125
12.5,False,36.785000000000004
12.5,True,37.43
12.516666666666667,False,36.773
12.516666666666667,True,37.43
12.533333333333333,False,36.765
12.533333333333333,True,37.39
12.55,False,36.775999999999996
12.55,True,37.3875
12.566666666666666,False,36.792
12.566666666666666,True,37.41
12.583333333333334,False,36.801
12.583333333333334,True,37.435
12.6,False,36.788
12.6,True,37.457499999999996
12.616666666666667,False,36.767
12.616666666666667,True,37.457499999999996
12.633333333333333,False,36.763999999999996
12.633333333333333,True,37.4825
12.65,False,36.767
12.65,True,37.5
12.666666666666666,False,36.783
12.666666666666666,True,37.525
12.683333333333334,False,36.769
12.683333333333334,True,37.54
12.7,False,36.746
12.7,True,37.53
12.716666666666667,False,36.727
12.716666666666667,True,37.4925
12.733333333333333,False,36.716
12.733333333333333,True,37.442499999999995
12.75,False,36.69
12.75,True,37.43
12.766666666666667,False,36.657
12.766666666666667,True,37.417500000000004
12.783333333333333,False,36.632999999999996
12.783333333333333,True,37.4025
12.8,False,36.608999999999995
12.8,True,37.3525
12.816666666666666,False,36.595
12.816666666666666,True,37.3225
12.833333333333334,False,36.598
12.833333333333334,True,37.3225
12.85,False,36.624
12.85,True,37.315
12.866666666666667,False,36.657
12.866666666666667,True,37.385
12.883333333333333,False,36.674
12.883333333333333,True,37.44
12.9,False,36.714999999999996
12.9,True,37.47
12.916666666666666,False,36.727
12.916666666666666,True,37.480000000000004
12.933333333333334,False,36.742000000000004
12.933333333333334,True,37.4975
12.95,False,36.742000000000004
12.95,True,37.525
12.966666666666667,False,36.718
12.966666666666667,True,37.5075
12.983333333333333,False,36.7
12.983333333333333,True,37.485
13.0,False,36.706
13.0,True,37.457499999999996
13.016666666666667,False,36.714
13.016666666666667,True,37.504999999999995
13.033333333333333,False,36.689
13.033333333333333,True,37.52
13.05,False,36.673
13.05,True,37.495000000000005
13.066666666666666,False,36.701
13.066666666666666,True,37.43
13.083333333333334,False,36.773
13.083333333333334,True,37.3975
13.1,False,36.797000000000004
13.1,True,37.3975
13.116666666666667,False,36.8
13.116666666666667,True,37.385
13.133333333333333,False,36.789
13.133333333333333,True,37.3725
13.15,False,36.784000000000006
13.15,True,37.345
13.166666666666666,False,36.771
13.166666666666666,True,37.325
13.183333333333334,False,36.756
13.183333333333334,True,37.2925
13.2,False,36.777
13.2,True,37.295
13.216666666666667,False,36.785000000000004
13.216666666666667,True,37.292500000000004
13.233333333333333,False,36.812
13.233333333333333,True,37.3075
13.25,False,36.847
13.25,True,37.3275
13.266666666666667,False,36.861000000000004
13.266666666666667,True,37.325
13.283333333333333,False,36.840999999999994
13.283333333333333,True,37.3575
13.3,False,36.827
13.3,True,37.385000000000005
13.316666666666666,False,36.852
13.316666666666666,True,37.4375
13.333333333333334,False,36.862
13.333333333333334,True,37.504999999999995
13.35,False,36.852
13.35,True,37.572500000000005
13.366666666666667,False,36.835
13.366666666666667,True,37.6025
13.383333333333333,False,36.818
13.383333333333333,True,37.6125
13.4,False,36.806
13.4,True,37.6225
13.416666666666666,False,36.824
13.416666666666666,True,37.6325
13.433333333333334,False,36.831
13.433333333333334,True,37.6075
13.45,False,36.858
13.45,True,37.62
13.466666666666667,False,36.9
13.466666666666667,True,37.652499999999996
13.483333333333333,False,36.923
13.483333333333333,True,37.615
13.5,False,36.928999999999995
13.5,True,37.5275
13.516666666666667,False,36.961
13.516666666666667,True,37.5175
13.533333333333333,False,37.013999999999996
13.533333333333333,True,37.525
13.55,False,37.036
13.55,True,37.5
13.566666666666666,False,37.053
13.566666666666666,True,37.4425
13.583333333333334,False,37.068
13.583333333333334,True,37.417500000000004
13.6,False,37.096
13.6,True,37.43
13.616666666666667,False,37.120999999999995
13.616666666666667,True,37.4475
13.633333333333333,False,37.135000000000005
13.633333333333333,True,37.43
13.65,False,37.148
13.65,True,37.36
13.666666666666666,False,37.141
13.666666666666666,True,37.325
13.683333333333334,False,37.159
13.683333333333334,True,37.269999999999996
13.7,False,37.162
13.7,True,37.2475
13.716666666666667,False,37.149
13.716666666666667,True,37.21
13.733333333333333,False,37.15
13.733333333333333,True,37.1775
13.75,False,37.160000000000004
13.75,True,37.2025
13.766666666666667,False,37.181
13.766666666666667,True,37.22
13.783333333333333,False,37.214999999999996
13.783333333333333,True,37.2475
13.8,False,37.235
13.8,True,37.2875
13.816666666666666,False,37.248000000000005
13.816666666666666,True,37.32
13.833333333333334,False,37.28
13.833333333333334,True,37.4075
13.85,False,37.29600000000001
13.85,True,37.45
13.866666666666667,False,37.297000000000004
13.866666666666667,True,37.4875
13.883333333333333,False,37.267
13.883333333333333,True,37.487500000000004
13.9,False,37.239999999999995
13.9,True,37.457499999999996
13.916666666666666,False,37.242000000000004
13.916666666666666,True,37.39
13.933333333333334,False,37.245
13.933333333333334,True,37.355000000000004
13.95,False,37.284000000000006
13.95,True,37.3125
13.966666666666667,False,37.326
13.966666666666667,True,37.2725
13.983333333333333,False,37.352999999999994
13.983333333333333,True,37.2325
14.0,False,37.354
14.0,True,37.215
14.016666666666667,False,37.344
14.016666666666667,True,37.1725
14.033333333333333,False,37.336
14.033333333333333,True,37.1525
14.05,False,37.356
14.05,True,37.15
14.066666666666666,False,37.352999999999994
14.066666666666666,True,37.1725
14.083333333333334,False,37.368
14.083333333333334,True,37.175
14.1,False,37.366
14.1,True,37.205
14.116666666666667,False,37.345
14.116666666666667,True,37.215
14.133333333333333,False,37.3
14.133333333333333,True,37.2225
14.15,False,37.273
14.15,True,37.230000000000004
14.166666666666666,False,37.266000000000005
14.166666666666666,True,37.235
14.183333333333334,False,37.257
14.183333333333334,True,37.239999999999995
14.2,False,37.225
14.2,True,37.2475
14.216666666666667,False,37.196
14.216666666666667,True,37.25
14.233333333333333,False,37.186
14.233333333333333,True,37.275
14.25,False,37.177
14.25,True,37.2725
14.266666666666667,False,37.147000000000006
14.266666666666667,True,37.262499999999996
14.283333333333333,False,37.128
14.283333333333333,True,37.2525
14.3,False,37.1
14.3,True,37.2325
14.316666666666666,False,37.061
14.316666666666666,True,37.215
14.333333333333334,False,37.028
14.333333333333334,True,37.195
14.35,False,37.013999999999996
14.35,True,37.1425
14.366666666666667,False,36.981
14.366666666666667,True,37.0725
14.383333333333333,False,36.991
14.383333333333333,True,37.035
14.4,False,37.001
14.4,True,37.03
14.416666666666666,False,37.004
14.416666666666666,True,37.04
14.433333333333334,False,36.994
14.433333333333334,True,37.0475
14.45,False,36.983999999999995
14.45,True,37.015
14.466666666666667,False,36.980000000000004
14.466666666666667,True,36.9875
14.483333333333333,False,36.973
14.483333333333333,True,36.9925
14.5,False,36.972
14.5,True,36.9725
14.516666666666667,False,36.999
14.516666666666667,True,36.91
14.533333333333333,False,37.009
14.533333333333333,True,36.865
14.55,False,37.0
14.55,True,36.89
14.566666666666666,False,36.991
14.566666666666666,True,36.93
14.583333333333334,False,37.007999999999996
14.583333333333334,True,36.9475
14.6,False,37.029
14.6,True,36.957499999999996
14.616666666666667,False,37.033
14.616666666666667,True,36.965
14.633333333333333,False,37.042
14.633333333333333,True,36.93
14.65,False,37.016000000000005
14.65,True,36.89
14.666666666666666,False,37.001
14.666666666666666,True,36.89
14.683333333333334,False,36.985
14.683333333333334,True,36.875
14.7,False,36.954
14.7,True,36.849999999999994
14.716666666666667,False,36.926
14.716666666666667,True,36.8475
14.733333333333333,False,36.902
14.733333333333333,True,36.81
14.75,False,36.884
14.75,True,36.7525
14.766666666666667,False,36.851
14.766666666666667,True,36.707499999999996
14.783333333333333,False,36.839
14.783333333333333,True,36.705
14.8,False,36.827999999999996
14.8,True,36.7
14.816666666666666,False,36.799
14.816666666666666,True,36.68
14.833333333333334,False,36.786
14.833333333333334,True,36.6775
14.85,False,36.777
14.85,True,36.7025
14.866666666666667,False,36.795
14.866666666666667,True,36.692499999999995
14.883333333333333,False,36.836
14.883333333333333,True,36.6975
14.9,False,36.866
14.9,True,36.72
14.916666666666666,False,36.88
14.916666666666666,True,36.7375
14.933333333333334,False,36.884
14.933333333333334,True,36.72
14.95,False,36.892
14.95,True,36.705
14.966666666666667,False,36.888999999999996
14.966666666666667,True,36.722500000000004
14.983333333333333,False,36.864
14.983333333333333,True,36.730000000000004
15.0,False,36.826
15.0,True,36.7325
15.016666666666667,False,36.815
15.016666666666667,True,36.72
15.033333333333333,False,36.798
15.033333333333333,True,36.71
15.05,False,36.771
15.05,True,36.692499999999995
15.066666666666666,False,36.732
15.066666666666666,True,36.6775
15.083333333333334,False,36.721000000000004
15.083333333333334,True,36.6525
15.1,False,36.722
15.1,True,36.615
15.116666666666667,False,36.713
15.116666666666667,True,36.5875
15.133333333333333,False,36.714999999999996
15.133333333333333,True,36.575
15.15,False,36.715999999999994
15.15,True,36.555
15.166666666666666,False,36.691
15.166666666666666,True,36.5425
15.183333333333334,False,36.660000000000004
15.183333333333334,True,36.5375
15.2,False,36.647000000000006
15.2,True,36.5475
15.216666666666667,False,36.644
15.216666666666667,True,36.5475
15.233333333333333,False,36.626
15.233333333333333,True,36.542500000000004
15.25,False,36.604
15.25,True,36.5475
15.266666666666667,False,36.61
15.266666666666667,True,36.5375
15.283333333333333,False,36.612
15.283333333333333,True,36.525
15.3,False,36.61
15.3,True,36.5325
15.316666666666666,False,36.597
15.316666666666666,True,36.5875
15.333333333333334,False,36.576
15.333333333333334,True,36.61
15.35,False,36.545
15.35,True,36.6125
15.366666666666667,False,36.506
15.366666666666667,True,36.61
15.383333333333333,False,36.494
15.383333333333333,True,36.63
15.4,False,36.497
15.4,True,36.6575
15.416666666666666,False,36.494
15.416666666666666,True,36.6725
15.433333333333334,False,36.483
15.433333333333334,True,36.662499999999994
15.45,False,36.473
15.45,True,36.635
15.466666666666667,False,36.468
15.466666666666667,True,36.615
15.483333333333333,False,36.471
15.483333333333333,True,36.61
15.5,False,36.493
15.5,True,36.6175
15.516666666666667,False,36.503
15.516666666666667,True,36.6175
15.533333333333333,False,36.491
15.533333333333333,True,36.6125
15.55,False,36.484
15.55,True,36.595
15.566666666666666,False,36.465999999999994
15.566666666666666,True,36.5725
15.583333333333334,False,36.474000000000004
15.583333333333334,True,36.56
15.6,False,36.481
15.6,True,36.5475
15.616666666666667,False,36.485
15.616666666666667,True,36.555
15.633333333333333,False,36.474000000000004
15.633333333333333,True,36.555
15.65,False,36.489
15.65,True,36.5525
15.666666666666666,False,36.476
15.666666666666666,True,36.5525
15.683333333333334,False,36.468
15.683333333333334,True,36.54
15.7,False,36.473
15.7,True,36.515
15.716666666666667,False,36.494
15.716666666666667,True,36.4975
15.733333333333333,False,36.513999999999996
15.733333333333333,True,36.5025
15.75,False,36.544
15.75,True,36.49
15.766666666666667,False,36.573
15.766666666666667,True,36.475
15.783333333333333,False,36.586
15.783333333333333,True,36.46
15.8,False,36.574
15.8,True,36.465
15.816666666666666,False,36.552
15.816666666666666,True,36.4675
15.833333333333334,False,36.545
15.833333333333334,True,36.475
15.85,False,36.525
15.85,True,36.5075
15.866666666666667,False,36.507999999999996
15.866666666666667,True,36.515
15.883333333333333,False,36.497
15.883333333333333,True,36.5075
15.9,False,36.493
15.9,True,36.4975
15.916666666666666,False,36.493
15.916666666666666,True,36.485
15.933333333333334,False,36.478
15.933333333333334,True,36.5225
15.95,False,36.474000000000004
15.95,True,36.542500000000004
15.966666666666667,False,36.476
15.966666666666667,True,36.56
15.983333333333333,False,36.476
15.983333333333333,True,36.572500000000005
16.0,False,36.487
16.0,True,36.5825
16.016666666666666,False,36.505
16.016666666666666,True,36.6175
16.033333333333335,False,36.544
16.033333333333335,True,36.6575
16.05,False,36.548
16.05,True,36.66
16.066666666666666,False,36.525999999999996
16.066666666666666,True,36.67
16.083333333333332,False,36.515
16.083333333333332,True,36.6725
16.1,False,36.521
16.1,True,36.655
16.116666666666667,False,36.55
16.116666666666667,True,36.66
16.133333333333333,False,36.573
16.133333333333333,True,36.67
16.15,False,36.577999999999996
16.15,True,36.655
16.166666666666668,False,36.574
16.166666666666668,True,36.63
16.183333333333334,False,36.56
16.183333333333334,True,36.6175
16.2,False,36.543
16.2,True,36.58
16.216666666666665,False,36.528
16.216666666666665,True,36.519999999999996
16.233333333333334,False,36.507
16.233333333333334,True,36.480000000000004
16.25,False,36.486000000000004
16.25,True,36.485
16.266666666666666,False,36.463
16.266666666666666,True,36.49
16.283333333333335,False,36.44
16.283333333333335,True,36.485
16.3,False,36.442
16.3,True,36.45
16.316666666666666,False,36.452999999999996
16.316666666666666,True,36.39
16.333333333333332,False,36.474000000000004
16.333333333333332,True,36.335
16.35,False,36.495
16.35,True,36.3
16.366666666666667,False,36.524
16.366666666666667,True,36.295
16.383333333333333,False,36.546
16.383333333333333,True,36.285
16.4,False,36.569
16.4,True,36.307500000000005
16.416666666666668,False,36.592
16.416666666666668,True,36.335
16.433333333333334,False,36.618
16.433333333333334,True,36.337500000000006
16.45,False,36.647
16.45,True,36.35
16.466666666666665,False,36.684
16.466666666666665,True,36.41
16.483333333333334,False,36.717
16.483333333333334,True,36.4375
16.5,False,36.745
16.5,True,36.4775
16.516666666666666,False,36.735
16.516666666666666,True,36.5
16.533333333333335,False,36.74
16.533333333333335,True,36.5125
16.55,False,36.744
16.55,True,36.5125
16.566666666666666,False,36.733
16.566666666666666,True,36.5125
16.583333333333332,False,36.724000000000004
16.583333333333332,True,36.5075
16.6,False,36.733
16.6,True,36.4875
16.616666666666667,False,36.725
16.616666666666667,True,36.447500000000005
16.633333333333333,False,36.705
16.633333333333333,True,36.4025
16.65,False,36.693
16.65,True,36.42
16.666666666666668,False,36.713
16.666666666666668,True,36.45
16.683333333333334,False,36.721
16.683333333333334,True,36.545
16.7,False,36.736000000000004
16.7,True,36.61
16.716666666666665,False,36.741
16.716666666666665,True,36.6525
16.733333333333334,False,36.731
16.733333333333334,True,36.685
16.75,False,36.714999999999996
16.75,True,36.6825
16.766666666666666,False,36.708999999999996
16.766666666666666,True,36.6875
16.783333333333335,False,36.702999999999996
16.783333333333335,True,36.7
16.8,False,36.68
16.8,True,36.6825
16.816666666666666,False,36.662
16.816666666666666,True,36.655
16.833333333333332,False,36.644999999999996
16.833333333333332,True,36.6
16.85,False,36.632999999999996
16.85,True,36.5775
16.866666666666667,False,36.622
16.866666666666667,True,36.587500000000006
16.883333333333333,False,36.606
16.883333333333333,True,36.59
16.9,False,36.604
16.9,True,36.5725
16.916666666666668,False,36.609
16.916666666666668,True,36.5875
16.933333333333334,False,36.606
16.933333333333334,True,36.625
16.95,False,36.597
16.95,True,36.6375
16.966666666666665,False,36.573
16.966666666666665,True,36.6475
16.983333333333334,False,36.55
16.983333333333334,True,36.675
17.0,False,36.545
17.0,True,36.6475
17.016666666666666,False,36.563
17.016666666666666,True,36.644999999999996
17.033333333333335,False,36.56
17.033333333333335,True,36.6175
17.05,False,36.557
17.05,True,36.5725
17.066666666666666,False,36.564
17.066666666666666,True,36.595
17.083333333333332,False,36.563
17.083333333333332,True,36.64
17.1,False,36.568
17.1,True,36.68
17.116666666666667,False,36.589
17.116666666666667,True,36.697500000000005
17.133333333333333,False,36.622
17.133333333333333,True,36.7025
17.15,False,36.655
17.15,True,36.7
17.166666666666668,False,36.661
17.166666666666668,True,36.6875
17.183333333333334,False,36.644
17.183333333333334,True,36.6725
17.2,False,36.638999999999996
17.2,True,36.635
17.216666666666665,False,36.636
17.216666666666665,True,36.59
17.233333333333334,False,36.65
17.233333333333334,True,36.56
17.25,False,36.655
17.25,True,36.542500000000004
17.266666666666666,False,36.658
17.266666666666666,True,36.53
17.283333333333335,False,36.659
17.283333333333335,True,36.525
17.3,False,36.663
17.3,True,36.515
17.316666666666666,False,36.656
17.316666666666666,True,36.5075
17.333333333333332,False,36.644999999999996
17.333333333333332,True,36.504999999999995
17.35,False,36.638999999999996
17.35,True,36.5
17.366666666666667,False,36.642
17.366666666666667,True,36.515
17.383333333333333,False,36.637
17.383333333333333,True,36.5125
17.4,False,36.612
17.4,True,36.495
17.416666666666668,False,36.599000000000004
17.416666666666668,True,36.4925
17.433333333333334,False,36.589999999999996
17.433333333333334,True,36.4875
17.45,False,36.577
17.45,True,36.475
17.466666666666665,False,36.576
17.466666666666665,True,36.4725
17.483333333333334,False,36.572
17.483333333333334,True,36.4625
17.5,False,36.559
17.5,True,36.455
17.516666666666666,False,36.558
17.516666666666666,True,36.44
17.533333333333335,False,36.564
17.533333333333335,True,36.445
17.55,False,36.581
17.55,True,36.465
17.566666666666666,False,36.58
17.566666666666666,True,36.45
17.583333333333332,False,36.578
17.583333333333332,True,36.435
17.6,False,36.586
17.6,True,36.435
17.616666666666667,False,36.57
17.616666666666667,True,36.4375
17.633333333333333,False,36.552
17.633333333333333,True,36.4325
17.65,False,36.552
17.65,True,36.425000000000004
17.666666666666668,False,36.563
17.666666666666668,True,36.43
17.683333333333334,False,36.562
17.683333333333334,True,36.44
17.7,False,36.547000000000004
17.7,True,36.4475
17.716666666666665,False,36.54
17.716666666666665,True,36.4475
17.733333333333334,False,36.542
17.733333333333334,True,36.435
17.75,False,36.552
17.75,True,36.4475
17.766666666666666,False,36.587
17.766666666666666,True,36.44
17.783333333333335,False,36.607
17.783333333333335,True,36.4125
17.8,False,36.62
17.8,True,36.4075
17.816666666666666,False,36.638
17.816666666666666,True,36.4075
17.833333333333332,False,36.661
17.833333333333332,True,36.4
17.85,False,36.663
17.85,True,36.3975
17.866666666666667,False,36.659
17.866666666666667,True,36.395
17.883333333333333,False,36.646
17.883333333333333,True,36.385000000000005
17.9,False,36.641
17.9,True,36.3675
17.916666666666668,False,36.637
17.916666666666668,True,36.36
17.933333333333334,False,36.618
17.933333333333334,True,36.3575
17.95,False,36.606
17.95,True,36.375
17.966666666666665,False,36.601
17.966666666666665,True,36.405
17.983333333333334,False,36.599000000000004
17.983333333333334,True,36.44
18.0,False,36.61
18.0,True,36.475
18.016666666666666,False,36.606
18.016666666666666,True,36.5275
18.033333333333335,False,36.596999999999994
18.033333333333335,True,36.57
18.05,False,36.589999999999996
18.05,True,36.58
18.066666666666666,False,36.575
18.066666666666666,True,36.5775
18.083333333333332,False,36.565
18.083333333333332,True,36.545
18.1,False,36.547
18.1,True,36.4975
18.116666666666667,False,36.525999999999996
18.116666666666667,True,36.4625
18.133333333333333,False,36.525999999999996
18.133333333333333,True,36.435
18.15,False,36.529
18.15,True,36.41
18.166666666666668,False,36.513999999999996
18.166666666666668,True,36.402499999999996
18.183333333333334,False,36.499
18.183333333333334,True,36.4175
18.2,False,36.507999999999996
18.2,True,36.4625
18.216666666666665,False,36.535000000000004
18.216666666666665,True,36.480000000000004
18.233333333333334,False,36.564
18.233333333333334,True,36.4925
18.25,False,36.559000000000005
18.25,True,36.4825
18.266666666666666,False,36.547000000000004
18.266666666666666,True,36.4775
18.283333333333335,False,36.547999999999995
18.283333333333335,True,36.5075
18.3,False,36.544
18.3,True,36.542500000000004
18.316666666666666,False,36.509
18.316666666666666,True,36.5475
18.333333333333332,False,36.497
18.333333333333332,True,36.54
18.35,False,36.513999999999996
18.35,True,36.54
18.366666666666667,False,36.515
18.366666666666667,True,36.4975
18.383333333333333,False,36.510000000000005
18.383333333333333,True,36.4825
18.4,False,36.511
18.4,True,36.4875
18.416666666666668,False,36.518
18.416666666666668,True,36.5
18.433333333333334,False,36.53
18.433333333333334,True,36.5325
18.45,False,36.552
18.45,True,36.53
18.466666666666665,False,36.557
18.466666666666665,True,36.5075
18.483333333333334,False,36.545
18.483333333333334,True,36.495
18.5,False,36.536
18.5,True,36.4875
18.516666666666666,False,36.53
18.516666666666666,True,36.4775
18.533333333333335,False,36.528999999999996
18.533333333333335,True,36.475
18.55,False,36.53
18.55,True,36.4775
18.566666666666666,False,36.522000000000006
18.566666666666666,True,36.475
18.583333333333332,False,36.515
18.583333333333332,True,36.47
18.6,False,36.505
18.6,True,36.4625
18.616666666666667,False,36.495
18.616666666666667,True,36.4725
18.633333333333333,False,36.499
18.633333333333333,True,36.4675
18.65,False,36.499
18.65,True,36.475
18.666666666666668,False,36.498000000000005
18.666666666666668,True,36.485
18.683333333333334,False,36.475
18.683333333333334,True,36.495
18.7,False,36.465999999999994
18.7,True,36.5
18.716666666666665,False,36.484
18.716666666666665,True,36.5
18.733333333333334,False,36.497
18.733333333333334,True,36.480000000000004
18.75,False,36.513999999999996
18.75,True,36.45
18.766666666666666,False,36.54
18.766666666666666,True,36.4075
18.783333333333335,False,36.552
18.783333333333335,True,36.4225
18.8,False,36.565
18.8,True,36.4225
18.816666666666666,False,36.58
18.816666666666666,True,36.4125
18.833333333333332,False,36.587
18.833333333333332,True,36.44
18.85,False,36.608
18.85,True,36.4675
18.866666666666667,False,36.622
18.866666666666667,True,36.4875
18.883333333333333,False,36.635000000000005
18.883333333333333,True,36.515
18.9,False,36.628
18.9,True,36.519999999999996
18.916666666666668,False,36.611000000000004
18.916666666666668,True,36.519999999999996
18.933333333333334,False,36.616
18.933333333333334,True,36.5425
18.95,False,36.628
18.95,True,36.565
18.966666666666665,False,36.619
18.966666666666665,True,36.557500000000005
18.983333333333334,False,36.595
18.983333333333334,True,36.57
19.0,False,36.582
19.0,True,36.595
19.016666666666666,False,36.594
19.016666666666666,True,36.615
19.033333333333335,False,36.589
19.033333333333335,True,36.585
19.05,False,36.58
19.05,True,36.56
19.066666666666666,False,36.555
19.066666666666666,True,36.55
19.083333333333332,False,36.528000000000006
19.083333333333332,True,36.57
19.1,False,36.522
19.1,True,36.6025
19.116666666666667,False,36.534000000000006
19.116666666666667,True,36.6225
19.133333333333333,False,36.517
19.133333333333333,True,36.6225
19.15,False,36.494
19.15,True,36.644999999999996
19.166666666666668,False,36.499
19.166666666666668,True,36.644999999999996
19.183333333333334,False,36.495999999999995
19.183333333333334,True,36.644999999999996
19.2,False,36.487
19.2,True,36.625
19.216666666666665,False,36.476
19.216666666666665,True,36.625
19.233333333333334,False,36.45399999999999
19.233333333333334,True,36.64
19.25,False,36.432
19.25,True,36.685
19.266666666666666,False,36.42
19.266666666666666,True,36.695
19.283333333333335,False,36.411
19.283333333333335,True,36.685
19.3,False,36.409000000000006
19.3,True,36.665
19.316666666666666,False,36.42
19.316666666666666,True,36.64
19.333333333333332,False,36.429
19.333333333333332,True,36.6225
19.35,False,36.428
19.35,True,36.6325
19.366666666666667,False,36.443
19.366666666666667,True,36.655
19.383333333333333,False,36.462
19.383333333333333,True,36.6375
19.4,False,36.458
19.4,True,36.614999999999995
19.416666666666668,False,36.45399999999999
19.416666666666668,True,36.6025
19.433333333333334,False,36.469
19.433333333333334,True,36.575
19.45,False,36.489
19.45,True,36.5325
19.466666666666665,False,36.503
19.466666666666665,True,36.5125
19.483333333333334,False,36.515
19.483333333333334,True,36.51
19.5,False,36.522
19.5,True,36.4925
19.516666666666666,False,36.517
19.516666666666666,True,36.4775
19.533333333333335,False,36.515
19.533333333333335,True,36.475
19.55,False,36.518
19.55,True,36.475
19.566666666666666,False,36.535000000000004
19.566666666666666,True,36.4825
19.583333333333332,False,36.535000000000004
19.583333333333332,True,36.5075
19.6,False,36.516
19.6,True,36.5125
19.616666666666667,False,36.521
19.616666666666667,True,36.5325
19.633333333333333,False,36.542
19.633333333333333,True,36.5375
19.65,False,36.569
19.65,True,36.5475
19.666666666666668,False,36.574
19.666666666666668,True,36.555
19.683333333333334,False,36.586
19.683333333333334,True,36.542500000000004
19.7,False,36.62
19.7,True,36.5375
19.716666666666665,False,36.644
19.716666666666665,True,36.540000000000006
19.733333333333334,False,36.664
19.733333333333334,True,36.542500000000004
19.75,False,36.676
19.75,True,36.5375
19.766666666666666,False,36.656
19.766666666666666,True,36.5225
19.783333333333335,False,36.649
19.783333333333335,True,36.5225
19.8,False,36.648
19.8,True,36.542500000000004
19.816666666666666,False,36.631
19.816666666666666,True,36.5675
19.833333333333332,False,36.613
19.833333333333332,True,36.56
19.85,False,36.623000000000005
19.85,True,36.54
19.866666666666667,False,36.62
19.866666666666667,True,36.527499999999996
19.883333333333333,False,36.601
19.883333333333333,True,36.5275
19.9,False,36.598
19.9,True,36.535
19.916666666666668,False,36.61
19.916666666666668,True,36.53
19.933333333333334,False,36.618
19.933333333333334,True,36.515
19.95,False,36.62
19.95,True,36.5175
19.966666666666665,False,36.626999999999995
19.966666666666665,True,36.4825
19.983333333333334,False,36.588
19.983333333333334,True,36.4275
20.0,False,36.531
20.0,True,36.4125
20.016666666666666,False,36.493
20.016666666666666,True,36.415
20.033333333333335,False,36.477999999999994
20.033333333333335,True,36.4125
20.05,False,36.47
20.05,True,36.425
20.066666666666666,False,36.479
20.066666666666666,True,36.4225
20.083333333333332,False,36.522000000000006
20.083333333333332,True,36.435
20.1,False,36.532
20.1,True,36.45
20.116666666666667,False,36.515
20.116666666666667,True,36.4625
20.133333333333333,False,36.503
20.133333333333333,True,36.4925
20.15,False,36.517
20.15,True,36.5
20.166666666666668,False,36.53
20.166666666666668,True,36.4875
20.183333333333334,False,36.523
20.183333333333334,True,36.4875
20.2,False,36.501
20.2,True,36.525
20.216666666666665,False,36.482
20.216666666666665,True,36.5175
20.233333333333334,False,36.495999999999995
20.233333333333334,True,36.49
20.25,False,36.519
20.25,True,36.4425
20.266666666666666,False,36.529
20.266666666666666,True,36.4725
20.283333333333335,False,36.547000000000004
20.283333333333335,True,36.535
20.3,False,36.561
20.3,True,36.55
20.316666666666666,False,36.567
20.316666666666666,True,36.575
20.333333333333332,False,36.572
20.333333333333332,True,36.655
20.35,False,36.588
20.35,True,36.69
20.366666666666667,False,36.58
20.366666666666667,True,36.7375
20.383333333333333,False,36.58
20.383333333333333,True,36.7625
20.4,False,36.573
20.4,True,36.792500000000004
20.416666666666668,False,36.564
20.416666666666668,True,36.8125
20.433333333333334,False,36.573
20.433333333333334,True,36.832499999999996
20.45,False,36.604
20.45,True,36.8725
20.466666666666665,False,36.6
20.466666666666665,True,36.917500000000004
20.483333333333334,False,36.572
20.483333333333334,True,36.989999999999995
20.5,False,36.586
20.5,True,37.042500000000004
20.516666666666666,False,36.613
20.516666666666666,True,37.019999999999996
20.533333333333335,False,36.65
20.533333333333335,True,36.97
20.55,False,36.673
20.55,True,36.957499999999996
20.566666666666666,False,36.685
20.566666666666666,True,36.995
20.583333333333332,False,36.723
20.583333333333332,True,37.04
20.6,False,36.727
20.6,True,37.0775
20.616666666666667,False,36.751
20.616666666666667,True,37.057500000000005
20.633333333333333,False,36.767
20.633333333333333,True,37.03
20.65,False,36.783
20.65,True,36.9875
20.666666666666668,False,36.782
20.666666666666668,True,36.96
20.683333333333334,False,36.78
20.683333333333334,True,36.9075
20.7,False,36.784
20.7,True,36.8925
20.716666666666665,False,36.782
20.716666666666665,True,36.8825
20.733333333333334,False,36.777
20.733333333333334,True,36.8775
20.75,False,36.79600000000001
20.75,True,36.8925
20.766666666666666,False,36.799
20.766666666666666,True,36.915
20.783333333333335,False,36.783
20.783333333333335,True,36.9125
20.8,False,36.772000000000006
20.8,True,36.9225
20.816666666666666,False,36.788
20.816666666666666,True,36.9675
20.833333333333332,False,36.817
20.833333333333332,True,36.965
20.85,False,36.827
20.85,True,36.9825
20.866666666666667,False,36.815
20.866666666666667,True,37.0
20.883333333333333,False,36.807
20.883333333333333,True,36.96
20.9,False,36.785000000000004
20.9,True,36.95
20.916666666666668,False,36.730000000000004
20.916666666666668,True,37.0275
20.933333333333334,False,36.725
20.933333333333334,True,37.089999999999996
20.95,False,36.733
20.95,True,37.125
20.966666666666665,False,36.726
20.966666666666665,True,37.15
20.983333333333334,False,36.727
20.983333333333334,True,37.144999999999996
21.0,False,36.727999999999994
21.0,True,37.1175
21.016666666666666,False,36.713
21.016666666666666,True,37.06
21.033333333333335,False,36.668
21.033333333333335,True,37.0375
21.05,False,36.617000000000004
21.05,True,37.02
21.066666666666666,False,36.590999999999994
21.066666666666666,True,36.9975
21.083333333333332,False,36.579
21.083333333333332,True,36.957499999999996
21.1,False,36.56
21.1,True,36.870000000000005
21.116666666666667,False,36.555
21.116666666666667,True,36.81
21.133333333333333,False,36.572
21.133333333333333,True,36.792500000000004
21.15,False,36.587
21.15,True,36.7825
21.166666666666668,False,36.605000000000004
21.166666666666668,True,36.81
21.183333333333334,False,36.626999999999995
21.183333333333334,True,36.8025
21.2,False,36.638999999999996
21.2,True,36.775
21.216666666666665,False,36.64
21.216666666666665,True,36.75
21.233333333333334,False,36.636
21.233333333333334,True,36.8325
21.25,False,36.617000000000004
21.25,True,36.865
21.266666666666666,False,36.604
21.266666666666666,True,36.85
21.283333333333335,False,36.597
21.283333333333335,True,36.855
21.3,False,36.588
21.3,True,36.8575
21.316666666666666,False,36.62
21.316666666666666,True,36.88
21.333333333333332,False,36.660000000000004
21.333333333333332,True,36.8925
21.35,False,36.715999999999994
21.35,True,36.894999999999996
21.366666666666667,False,36.731
21.366666666666667,True,36.8975
21.383333333333333,False,36.72
21.383333333333333,True,36.894999999999996
21.4,False,36.735
21.4,True,36.88
21.416666666666668,False,36.739999999999995
21.416666666666668,True,36.85
21.433333333333334,False,36.724000000000004
21.433333333333334,True,36.8125
21.45,False,36.703
21.45,True,36.7675
21.466666666666665,False,36.675
21.466666666666665,True,36.745000000000005
21.483333333333334,False,36.649
21.483333333333334,True,36.7725
21.5,False,36.632999999999996
21.5,True,36.79
21.516666666666666,False,36.642
21.516666666666666,True,36.7875
21.533333333333335,False,36.660000000000004
21.533333333333335,True,36.792500000000004
21.55,False,36.664
21.55,True,36.795
21.566666666666666,False,36.677
21.566666666666666,True,36.7825
21.583333333333332,False,36.693
21.583333333333332,True,36.755
21.6,False,36.689
21.6,True,36.725
21.616666666666667,False,36.702
21.616666666666667,True,36.7225
21.633333333333333,False,36.721000000000004
21.633333333333333,True,36.73
21.65,False,36.713
21.65,True,36.705
21.666666666666668,False,36.726
21.666666666666668,True,36.692499999999995
21.683333333333334,False,36.735
21.683333333333334,True,36.695
21.7,False,36.741
21.7,True,36.69
21.716666666666665,False,36.739999999999995
21.716666666666665,True,36.6925
21.733333333333334,False,36.734
21.733333333333334,True,36.707499999999996
21.75,False,36.718
21.75,True,36.730000000000004
21.766666666666666,False,36.688
21.766666666666666,True,36.730000000000004
21.783333333333335,False,36.666000000000004
21.783333333333335,True,36.705
21.8,False,36.67
21.8,True,36.675
21.816666666666666,False,36.689
21.816666666666666,True,36.6625
21.833333333333332,False,36.706
21.833333333333332,True,36.675
21.85,False,36.711
21.85,True,36.675
21.866666666666667,False,36.712
21.866666666666667,True,36.665
21.883333333333333,False,36.695
21.883333333333333,True,36.667500000000004
21.9,False,36.687
21.9,True,36.655
21.916666666666668,False,36.685
21.916666666666668,True,36.66
21.933333333333334,False,36.684000000000005
21.933333333333334,True,36.67
21.95,False,36.691
21.95,True,36.6525
21.966666666666665,False,36.707
21.966666666666665,True,36.6575
21.983333333333334,False,36.697
21.983333333333334,True,36.675
22.0,False,36.707
22.0,True,36.667500000000004
22.016666666666666,False,36.708
22.016666666666666,True,36.6925
22.033333333333335,False,36.713
22.033333333333335,True,36.72
22.05,False,36.737
22.05,True,36.7225
22.066666666666666,False,36.751999999999995
22.066666666666666,True,36.705
22.083333333333332,False,36.757
22.083333333333332,True,36.6875
22.1,False,36.759
22.1,True,36.705
22.116666666666667,False,36.748000000000005
22.116666666666667,True,36.715
22.133333333333333,False,36.732
22.133333333333333,True,36.725
22.15,False,36.732
22.15,True,36.71
22.166666666666668,False,36.747
22.166666666666668,True,36.7
22.183333333333334,False,36.743
22.183333333333334,True,36.695
22.2,False,36.751
22.2,True,36.68
22.216666666666665,False,36.751999999999995
22.216666666666665,True,36.667500000000004
22.233333333333334,False,36.751
22.233333333333334,True,36.675
22.25,False,36.774
22.25,True,36.6725
22.266666666666666,False,36.79
22.266666666666666,True,36.675
22.283333333333335,False,36.774
22.283333333333335,True,36.67
22.3,False,36.751
22.3,True,36.6475
22.316666666666666,False,36.756
22.316666666666666,True,36.6375
22.333333333333332,False,36.773
22.333333333333332,True,36.6475
22.35,False,36.787
22.35,True,36.675
22.366666666666667,False,36.775999999999996
22.366666666666667,True,36.6975
22.383333333333333,False,36.779
22.383333333333333,True,36.6925
22.4,False,36.796
22.4,True,36.7
22.416666666666668,False,36.792
22.416666666666668,True,36.692499999999995
22.433333333333334,False,36.781
22.433333333333334,True,36.685
22.45,False,36.760000000000005
22.45,True,36.705
22.466666666666665,False,36.717
22.466666666666665,True,36.7275
22.483333333333334,False,36.691
22.483333333333334,True,36.7525
22.5,False,36.708999999999996
22.5,True,36.77
22.516666666666666,False,36.761
22.516666666666666,True,36.785
22.533333333333335,False,36.805
22.533333333333335,True,36.8225
22.55,False,36.81
22.55,True,36.8575
22.566666666666666,False,36.779
22.566666666666666,True,36.845
22.583333333333332,False,36.749
22.583333333333332,True,36.894999999999996
22.6,False,36.741
22.6,True,36.945
22.616666666666667,False,36.742000000000004
22.616666666666667,True,36.9575
22.633333333333333,False,36.744
22.633333333333333,True,36.932500000000005
22.65,False,36.729
22.65,True,36.917500000000004
22.666666666666668,False,36.718
22.666666666666668,True,36.87
22.683333333333334,False,36.729
22.683333333333334,True,36.855000000000004
22.7,False,36.726
22.7,True,36.875
22.716666666666665,False,36.715999999999994
22.716666666666665,True,36.89
22.733333333333334,False,36.709
22.733333333333334,True,36.91
22.75,False,36.714999999999996
22.75,True,36.93
22.766666666666666,False,36.713
22.766666666666666,True,36.94
22.783333333333335,False,36.729
22.783333333333335,True,36.9275
22.8,False,36.747
22.8,True,36.9475
22.816666666666666,False,36.743
22.816666666666666,True,37.0
22.833333333333332,False,36.737
22.833333333333332,True,37.0175
22.85,False,36.742000000000004
22.85,True,37.005
22.866666666666667,False,36.744
22.866666666666667,True,36.9875
22.883333333333333,False,36.757999999999996
22.883333333333333,True,36.9775
22.9,False,36.762
22.9,True,36.96
22.916666666666668,False,36.733000000000004
22.916666666666668,True,36.995000000000005
22.933333333333334,False,36.749
22.933333333333334,True,37.035
22.95,False,36.761
22.95,True,37.0075
22.966666666666665,False,36.786
22.966666666666665,True,36.9825
22.983333333333334,False,36.809
22.983333333333334,True,37.0075
23.0,False,36.829
23.0,True,37.025
23.016666666666666,False,36.85
23.016666666666666,True,37.05
23.033333333333335,False,36.843
23.033333333333335,True,37.0875
23.05,False,36.852999999999994
23.05,True,37.1275
23.066666666666666,False,36.896
23.066666666666666,True,37.12
23.083333333333332,False,36.913
23.083333333333332,True,37.1075
23.1,False,36.925
23.1,True,37.144999999999996
23.116666666666667,False,36.919
23.116666666666667,True,37.192499999999995
23.133333333333333,False,36.924
23.133333333333333,True,37.207499999999996
23.15,False,36.953
23.15,True,37.1825
23.166666666666668,False,36.977999999999994
23.166666666666668,True,37.1775
23.183333333333334,False,36.987
23.183333333333334,True,37.1975
23.2,False,36.995
23.2,True,37.2325
23.216666666666665,False,36.989999999999995
23.216666666666665,True,37.3
23.233333333333334,False,36.981
23.233333333333334,True,37.3475
23.25,False,37.016000000000005
23.25,True,37.34
23.266666666666666,False,37.065
23.266666666666666,True,37.325
23.283333333333335,False,37.102999999999994
23.283333333333335,True,37.3325
23.3,False,37.126
23.3,True,37.370000000000005
23.316666666666666,False,37.141000000000005
23.316666666666666,True,37.405
23.333333333333332,False,37.157
23.333333333333332,True,37.41
23.35,False,37.201
23.35,True,37.379999999999995
23.366666666666667,False,37.221
23.366666666666667,True,37.39
23.383333333333333,False,37.205
23.383333333333333,True,37.38
23.4,False,37.244
23.4,True,37.370000000000005
23.416666666666668,False,37.274
23.416666666666668,True,37.35
23.433333333333334,False,37.278000000000006
23.433333333333334,True,37.375
23.45,False,37.254000000000005
23.45,True,37.3775
23.466666666666665,False,37.254000000000005
23.466666666666665,True,37.345
23.483333333333334,False,37.274
23.483333333333334,True,37.3225
23.5,False,37.302
23.5,True,37.2975
23.516666666666666,False,37.313
23.516666666666666,True,37.265
23.533333333333335,False,37.327
23.533333333333335,True,37.2825
23.55,False,37.334
23.55,True,37.2975
23.566666666666666,False,37.345
23.566666666666666,True,37.275
23.583333333333332,False,37.35
23.583333333333332,True,37.269999999999996
23.6,False,37.386
23.6,True,37.26
23.616666666666667,False,37.414
23.616666666666667,True,37.2375
23.633333333333333,False,37.43
23.633333333333333,True,37.22
23.65,False,37.43
23.65,True,37.2575
23.666666666666668,False,37.433
23.666666666666668,True,37.3075
23.683333333333334,False,37.449
23.683333333333334,True,37.35
23.7,False,37.459
23.7,True,37.38
23.716666666666665,False,37.451
23.716666666666665,True,37.375
23.733333333333334,False,37.438
23.733333333333334,True,37.370000000000005
23.75,False,37.442
23.75,True,37.3575
23.766666666666666,False,37.45399999999999
23.766666666666666,True,37.3775
23.783333333333335,False,37.472
23.783333333333335,True,37.42
23.8,False,37.483000000000004
23.8,True,37.44
23.816666666666666,False,37.47
23.816666666666666,True,37.4325
23.833333333333332,False,37.452
23.833333333333332,True,37.425
23.85,False,37.431
23.85,True,37.4375
23.866666666666667,False,37.449
23.866666666666667,True,37.4525
23.883333333333333,False,37.447
23.883333333333333,True,37.4525
23.9,False,37.438
23.9,True,37.51
23.916666666666668,False,37.43
23.916666666666668,True,37.5575
23.933333333333334,False,37.418
23.933333333333334,True,37.58
23.95,False,37.398
23.95,True,37.65
23.966666666666665,False,37.37
23.966666666666665,True,37.715
23.983333333333334,False,37.342
23.983333333333334,True,37.7525
